mission_id,mission_type,needed,difficulty,pack_id,redeemable_id,credits,xp
E001,do_presentation,1,easy,IND,MDCNT,1000,15
E002,claim_sponsor,3,easy,GFT,DISCN,500,10
E003,open_pack,1,easy,GFT,DISCN,500,15
E004,open_pack,2,easy,IND,MDCNT,750,20
E005,redeem_coupon,1,easy,GFT,MDCNT,500,10
E006,claim_sponsor,1,easy,GFT,DISCN,300,5
X001,view_help,1,exploratory,GFT,SHOPS,250,5
X002,view_inventory,1,exploratory,GFT,SHOPS,250,5
X003,view_items,1,exploratory,GFT,SHOPS,250,5
X004,view_pcards,1,exploratory,GFT,SHOPS,250,5
X005,view_redeemables,1,exploratory,GFT,SHOPS,250,5
X006,view_packs,1,exploratory,GFT,SHOPS,250,5
X007,view_collections,1,exploratory,GFT,SHOPS,250,5
X008,equip_card,1,exploratory,GFT,SHOPS,250,5
M001,do_presentation,2,medium,BSC,MDCNT,2500,35
M002,claim_sponsor,5,medium,SPP,DISCN,750,20
M003,open_pack,3,medium,BSC,DISCN,1000,30
M004,open_pack,4,medium,BSC,RECRT,1500,40
M005,level_up,1,medium,LVL,BTFSN,1000,25
M006,redeem_coupon,2,medium,SPP,MDCNT,1000,15
M007,do_presentation,3,medium,BSC,RECRT,4500,50
M008,claim_sponsor,7,medium,SPP,DISCN,1200,30
H001,do_presentation,4,hard,HLV,RECRT,6000,75
H002,claim_sponsor,10,hard,SPP,DISCN,1500,40
H003,open_pack,5,hard,BSC,RECRT,2000,50
H004,level_up,2,hard,LVL,BTFSN,1500,45
H005,level_up,3,hard,HLV,RECRT,2500,70
H006,redeem_coupon,3,hard,BSC,MDCNT,1500,25
H007,fusion,1,hard,LVL,BTFSN,5000,25
H008,do_presentation,5,hard,HLV,TCONT,7500,100
H009,fusion,2,hard,HLV,TCONT,8000,45