mission_id,mission_type,needed,difficulty,pack_id,redeemable_id,credits,xp
E002,claim_sponsor,3,easy,TRN,DISCN,500,10
E006,claim_sponsor,1,easy,TRN,DISCN,300,5
M002,claim_sponsor,5,medium,SPP,DISCN,750,20
M008,claim_sponsor,7,medium,SPP,DISCN,1200,30
H002,claim_sponsor,10,hard,SPP,DISCN,1500,40
E001,do_presentation,1,easy,IND,MDCNT,1000,20
M001,do_presentation,2,medium,BSC,MDCNT,2500,35
M007,do_presentation,3,medium,BSC,RECRT,4500,50
H001,do_presentation,4,hard,HLV,RECRT,6000,75
H008,do_presentation,5,hard,HLV,TCONT,7500,100
X008,equip_card,1,exploratory,GFT,SHOPS,250,5
H007,fusion,1,hard,LVL,BTFSN,5000,25
H009,fusion,2,hard,HLV,TCONT,8000,45
M005,level_up,1,medium,LVL,BTFSN,1000,25
H004,level_up,2,hard,LVL,BTFSN,1500,45
H005,level_up,3,hard,HLV,RECRT,2500,70
E003,open_pack,1,easy,SPP,DISCN,500,15
E004,open_pack,2,easy,IND,MDCNT,750,20
M003,open_pack,5,medium,BSC,DISCN,1250,30
M004,open_pack,7,medium,BSC,RECRT,1750,40
H003,open_pack,10,hard,HLV,TCONT,3000,50
E005,redeem_coupon,1,easy,GFT,MDCNT,500,10
M006,redeem_coupon,3,medium,SPP,MDCNT,1500,15
H006,redeem_coupon,5,hard,BSC,MDCNT,2500,25
E007,try_fusion,1,easy,IND,BTFSN,750,15
M009,try_fusion,3,medium,BSC,BTFSN,2500,35
X007,view_collections,1,exploratory,GFT,SHOPS,250,5
X009,view_fusion,1,exploratory,IND,BTFSN,250,5
X001,view_help,1,exploratory,GFT,SHOPS,250,5
X002,view_inventory,1,exploratory,GFT,RECRT,250,5
X003,view_items,1,exploratory,GFT,SHOPS,250,5
X006,view_packs,1,exploratory,GFT,DISCN,250,5
X004,view_pcards,1,exploratory,TRN,SHOPS,250,5
X005,view_redeemables,1,exploratory,GFT,TRNNG,250,5